company_id,name,email,phone_number,company,title
martingates,Fernando Myers,FernandoMyers@testemail.com,4074627289,Martin-Gates,"Nurse, children's"
brownpugh,Danielle Sheppard,DanielleSheppard@testemail.com,001-580-334-4312,Brown-Pugh,Counsellor
brownhawkins,Christian Castillo,ChristianCastillo@testemail.com,218.549.2269x012,Brown-Hawkins,Legal secretary
burnsandsons,Christopher Miller,ChristopherMiller@testemail.com,+1-967-239-0327x53614,Burns and Sons,Quantity surveyor
andersonmorris,Larry Mata,LarryMata@testemail.com,001-773-633-6096,Anderson-Morris,Systems analyst
harrischapman,Jared Barnes,JaredBarnes@testemail.com,+1-755-036-4050,Harris-Chapman,Dispensing optician
cervantes,Anne Jones,AnneJones@testemail.com,001-929-348-2807x08421,Cervantes,Energy manager
cervantes,Brandon Bradshaw,BrandonBradshaw@testemail.com,001-060-973-6282x713,Cervantes,"Psychotherapist, child"
galvangroup,Gloria Pitts,GloriaPitts@testemail.com,001-375-292-2149x505,Galvan Group,Insurance risk surveyor
ramosmontgomery,Tyler Norton,TylerNorton@testemail.com,356.177.9987x5103,Ramos-Montgomery,Physiological scientist
montgomerybrady,Robert Reynolds,RobertReynolds@testemail.com,4897886678,Montgomery-Brady,Ecologist
kellyinc,Madison Carson PhD,MadisonCarsonPhD@testemail.com,001-927-289-7049x277,Kelly Inc,Orthoptist
hendersonsilva,Jason Lewis,JasonLewis@testemail.com,(287)381-3185x5516,Henderson-Silva,Physiotherapist
ballardinc,Brandi Collins,BrandiCollins@testemail.com,001-469-099-6781x8044,Ballard Inc,Operational researcher
sotollc,Phillip Hayden,PhillipHayden@testemail.com,+1-833-399-2550x7373,Soto LLC,Marketing executive
gaystevenson,Heather Sherman,HeatherSherman@testemail.com,(368)415-8949x471,Gay-Stevenson,Legal executive
diazplc,Aaron Nguyen,AaronNguyen@testemail.com,001-252-254-3184,Diaz PLC,Sport and exercise psychologist
saundersnichols,Dominique Orozco,DominiqueOrozco@testemail.com,(068)427-9725x3731,Saunders-Nichols,Medical physicist
colemanjonesandkeith,Robert King,RobertKing@testemail.com,(745)609-1034,"Coleman, Jones and Keith",Investment analyst
tuckerltd,Courtney Stone,CourtneyStone@testemail.com,2830623027,Tucker Ltd,Accommodation manager
alleninc,William Smith,WilliamSmith@testemail.com,001-462-254-0785x76363,Allen Inc,Emergency planning/management officer
jonesplc,Terry Waters,TerryWaters@testemail.com,(565)418-2061x8457,Jones PLC,Clinical molecular geneticist
belldeanandoneill,Peter Dennis,PeterDennis@testemail.com,488-785-5557x797,"Bell, Dean and Oneill",Economist
cervantes,Christian Lawrence,ChristianLawrence@testemail.com,+1-496-912-9794x446,Cervantes,Hydrogeologist
huntreed,Jill Grimes,JillGrimes@testemail.com,(861)290-5117,Hunt-Reed,"Engineer, water"
beaninc,Taylor Perez,TaylorPerez@testemail.com,8524136612,Bean Inc,Medical physicist
cooperpinedaandwhitney,Tammy Johnson,TammyJohnson@testemail.com,980.767.6966x8592,"Cooper, Pineda and Whitney",Special educational needs teacher
mackgroup,Manuel Hurst,ManuelHurst@testemail.com,001-535-741-6968,Mack Group,Risk analyst
montesbarnes,Kendra Floyd,KendraFloyd@testemail.com,001-952-629-3050x82936,Montes-Barnes,Television floor manager
shepherddavis,Ashley Montgomery,AshleyMontgomery@testemail.com,833-777-9203x04459,Shepherd-Davis,Manufacturing engineer
martinezinc,Christina Wilson,ChristinaWilson@testemail.com,+1-822-575-7758x435,Martinez Inc,Higher education careers adviser
shepardplc,Derek Kennedy,DerekKennedy@testemail.com,+1-517-619-7144x0175,Shepard PLC,"Scientist, physiological"
burnsandsons,Nathan Melendez,NathanMelendez@testemail.com,099.158.0469x548,Burns and Sons,Logistics and distribution manager
tatellc,Dustin Wilson,DustinWilson@testemail.com,+1-806-461-3181x794,Tate LLC,"Teacher, special educational needs"
guerragarcia,Melissa Eaton,MelissaEaton@testemail.com,001-556-360-2823x4101,Guerra-Garcia,Electrical engineer
morenoltd,Mr. Jay Harris,Mr.JayHarris@testemail.com,290-058-6056x83869,Moreno Ltd,"Editor, commissioning"
russomoranandhoffman,Stephanie George,StephanieGeorge@testemail.com,001-879-607-9669x145,"Russo, Moran and Hoffman",Mudlogger
olsonsanders,Jennifer Harris,JenniferHarris@testemail.com,773-558-7869x37987,Olson-Sanders,"Editor, film/video"
martinezkimandhoward,Patrick Ford,PatrickFord@testemail.com,298-891-2620x829,"Martinez, Kim and Howard",Dramatherapist
myersllc,Chelsea Holland,ChelseaHolland@testemail.com,001-253-295-7662x52674,Myers LLC,Commercial art gallery manager
roseltd,Leslie Chase,LeslieChase@testemail.com,590.338.0098,Rose Ltd,Recycling officer
gloverrivera,Daniel Hernandez,DanielHernandez@testemail.com,962.578.1972x417,Glover-Rivera,Museum/gallery conservator
tatellc,Christine Ayers,ChristineAyers@testemail.com,996-166-3931x1226,Tate LLC,Pension scheme manager
galvangroup,Sonia Stevens,SoniaStevens@testemail.com,+1-243-899-0734,Galvan Group,Physiotherapist
leonandsons,Mary Rogers,MaryRogers@testemail.com,001-079-532-8582x71982,Leon and Sons,Building services engineer
russomoranandhoffman,Anthony Wilson,AnthonyWilson@testemail.com,(419)930-7245,"Russo, Moran and Hoffman","Therapist, nutritional"
gloverrivera,Michael Greene,MichaelGreene@testemail.com,752.370.8935x112,Glover-Rivera,Clothing/textile technologist
evansandsons,Thomas Lawson,ThomasLawson@testemail.com,001-824-402-4761x210,Evans and Sons,"Psychotherapist, dance movement"
rileyedwardsandcalderon,Adam Alexander,AdamAlexander@testemail.com,883.259.0262x1159,"Riley, Edwards and Calderon",Office manager
millerhowardandburton,Stephanie Hobbs,StephanieHobbs@testemail.com,217.172.2657,"Miller, Howard and Burton",Quality manager
hernandezwoods,Carlos Roman,CarlosRoman@testemail.com,001-521-551-1267x636,Hernandez-Woods,Publishing rights manager
moorewarrenandmorris,Katelyn Williams,KatelynWilliams@testemail.com,+1-138-834-1320x03116,"Moore, Warren and Morris",Data processing manager
jamesllc,Eric Hunt,EricHunt@testemail.com,226.644.1154x658,James LLC,"Social research officer, government"
rodriguezplc,Tyrone Hernandez DDS,TyroneHernandezDDS@testemail.com,(539)832-5657,Rodriguez PLC,"Buyer, industrial"
hernandezwoods,Joseph Jones,JosephJones@testemail.com,129-505-4345x88928,Hernandez-Woods,Volunteer coordinator
shepherddavis,Anthony Pierce,AnthonyPierce@testemail.com,(881)202-2981x829,Shepherd-Davis,Maintenance engineer
ortizpham,Nicole Martinez,NicoleMartinez@testemail.com,+1-154-585-7609,Ortiz-Pham,Commissioning editor
gaystevenson,Toni Ayala,ToniAyala@testemail.com,2525946347,Gay-Stevenson,Illustrator
martinezkimandhoward,Wyatt Berry,WyattBerry@testemail.com,806-971-3893x8400,"Martinez, Kim and Howard","Scientist, product/process development"
claysmithandphillips,Eileen Park,EileenPark@testemail.com,648-615-4205,"Clay, Smith and Phillips",Restaurant manager
burnsandsons,Heather Gutierrez,HeatherGutierrez@testemail.com,919-914-5138,Burns and Sons,Broadcast presenter
hernandezbriggs,Colton Jones,ColtonJones@testemail.com,+1-585-888-9041x9879,Hernandez-Briggs,Tour manager
gonzalesmillerandsanchez,Darin Martinez,DarinMartinez@testemail.com,+1-305-723-3707x1280,"Gonzales, Miller and Sanchez",Tax adviser
bakermcdanielandcruz,Tina Mccarthy,TinaMccarthy@testemail.com,(420)410-7339x69201,"Baker, Mcdaniel and Cruz",Special educational needs teacher
millerhowardandburton,Troy Brewer,TroyBrewer@testemail.com,+1-795-915-0440x674,"Miller, Howard and Burton",Health visitor
caseystephenson,Brian Diaz,BrianDiaz@testemail.com,474.165.6922x534,Casey-Stephenson,Fish farm manager
evansandsons,Taylor Gibson,TaylorGibson@testemail.com,+1-923-790-1593,Evans and Sons,"Psychologist, clinical"
brownpugh,James Sexton,JamesSexton@testemail.com,+1-641-011-3489x00275,Brown-Pugh,"Production designer, theatre/television/film"
hardinplc,Eric Farley,EricFarley@testemail.com,(595)525-1865,Hardin PLC,Architectural technologist
younggarcia,Angelica Taylor,AngelicaTaylor@testemail.com,733.994.2455x32744,Young-Garcia,Fast food restaurant manager
ramirezplc,Kendra Kelly,KendraKelly@testemail.com,435.679.0417,Ramirez PLC,Retail buyer
gloverrivera,Rebecca Turner,RebeccaTurner@testemail.com,(210)154-1048,Glover-Rivera,Copy
jamesllc,Eric Tucker,EricTucker@testemail.com,8115652807,James LLC,Comptroller
bassortizandfitzpatrick,Christopher Rose,ChristopherRose@testemail.com,001-227-527-3583x0233,"Bass, Ortiz and Fitzpatrick",Warehouse manager
gaystevenson,Christina Benson,ChristinaBenson@testemail.com,(757)979-8717x32637,Gay-Stevenson,Building services engineer
martingates,Jeremy Flores,JeremyFlores@testemail.com,001-855-050-9518x9490,Martin-Gates,Musician
daviesgroup,Jennifer Williams,JenniferWilliams@testemail.com,091-471-7860x435,Davies Group,Financial planner
hernandezbriggs,Brooke Lewis,BrookeLewis@testemail.com,8730052552,Hernandez-Briggs,Software engineer
lynchharrisandcook,Nicole Noble,NicoleNoble@testemail.com,+1-917-357-7512x7157,"Lynch, Harris and Cook",Information systems manager
woodjarvis,Susan Barker,SusanBarker@testemail.com,084-635-8215x5405,Wood-Jarvis,"Librarian, academic"
grosskennedy,Justin Burgess,JustinBurgess@testemail.com,001-784-224-8870x3788,Gross-Kennedy,Financial manager
mackgroup,Phillip Hardy,PhillipHardy@testemail.com,+1-608-887-2128x7835,Mack Group,Health promotion specialist
montesbarnes,Heidi Green,HeidiGreen@testemail.com,582-415-3453,Montes-Barnes,"Investment banker, operational"
adamsllc,Ricky Chan,RickyChan@testemail.com,817.972.0150,Adams LLC,Publishing copy
claysmithandphillips,Candice Riley,CandiceRiley@testemail.com,+1-222-542-2462x81656,"Clay, Smith and Phillips","Psychologist, forensic"
adamsllc,Heather Marsh,HeatherMarsh@testemail.com,+1-633-794-8543x5683,Adams LLC,Public affairs consultant
caseystephenson,Natalie Baker,NatalieBaker@testemail.com,217.939.2801x586,Casey-Stephenson,"Surveyor, quantity"
hernandezbriggs,Mary Anderson,MaryAnderson@testemail.com,001-184-551-2580x42884,Hernandez-Briggs,"Sales professional, IT"
rodriguezplc,Ryan Griffin,RyanGriffin@testemail.com,2995894426,Rodriguez PLC,Forensic psychologist
hardinplc,Janet Andrews,JanetAndrews@testemail.com,+1-523-800-3638x0149,Hardin PLC,Information systems manager
moorewarrenandmorris,Andrew Snow,AndrewSnow@testemail.com,065-253-1065x705,"Moore, Warren and Morris","Editor, magazine features"
whiteheadbell,Paula Hurley,PaulaHurley@testemail.com,001-174-701-2469,Whitehead-Bell,Hotel manager
daviesgroup,Kyle Sutton,KyleSutton@testemail.com,001-741-756-6134x4374,Davies Group,Pension scheme manager
tatellc,Jeffrey Flores,JeffreyFlores@testemail.com,+1-881-226-6112x069,Tate LLC,"Therapist, drama"
alleninc,Cindy Cook,CindyCook@testemail.com,340.748.9275x61653,Allen Inc,Microbiologist
shepherddavis,Linda Jones,LindaJones@testemail.com,(324)763-8137x597,Shepherd-Davis,Armed forces technical officer
colemanjonesandkeith,Leslie Hammond,LeslieHammond@testemail.com,+1-536-807-2417x113,"Coleman, Jones and Keith",Arboriculturist
bassortizandfitzpatrick,Elizabeth Wheeler,ElizabethWheeler@testemail.com,125-468-8380x1850,"Bass, Ortiz and Fitzpatrick",Meteorologist
caseystephenson,Keith Walters,KeithWalters@testemail.com,8642602661,Casey-Stephenson,Local government officer
martinezltd,Sarah Stafford,SarahStafford@testemail.com,(560)639-3355x6106,Martinez Ltd,Chief Strategy Officer
camposboyd,Molly Hill,MollyHill@testemail.com,001-577-037-0918,Campos-Boyd,Community education officer
russomoranandhoffman,Aaron Weaver,AaronWeaver@testemail.com,396.207.2118x264,"Russo, Moran and Hoffman",Planning and development surveyor
shepardplc,Christopher Daniel,ChristopherDaniel@testemail.com,398.247.7670x92992,Shepard PLC,"Education officer, museum"
colemanjonesandkeith,Dr. Jenna Crawford,Dr.JennaCrawford@testemail.com,5888628756,"Coleman, Jones and Keith",Dispensing optician
rileyedwardsandcalderon,Thomas Drake,ThomasDrake@testemail.com,(731)445-5931,"Riley, Edwards and Calderon","Librarian, academic"
myersllc,Taylor Cantu,TaylorCantu@testemail.com,001-581-755-8831x94245,Myers LLC,Learning disability nurse
tatellc,Alyssa Martin,AlyssaMartin@testemail.com,001-532-520-4079x881,Tate LLC,Equities trader
mackgroup,Gabriela Porter,GabrielaPorter@testemail.com,(616)364-4272,Mack Group,Barrister
whiteheadbell,Scott Armstrong,ScottArmstrong@testemail.com,(926)508-5973x803,Whitehead-Bell,Waste management officer
brownpugh,Melanie Flores,MelanieFlores@testemail.com,562.312.2054x59376,Brown-Pugh,"Engineer, aeronautical"
cooperwest,Diana Taylor,DianaTaylor@testemail.com,5985585337,Cooper-West,"Designer, industrial/product"
cervantes,Keith Frazier,KeithFrazier@testemail.com,+1-166-184-9132x700,Cervantes,Actuary
barnettpeters,Lauren Waters,LaurenWaters@testemail.com,+1-212-061-1946x4017,Barnett-Peters,Corporate treasurer
floresreese,Shannon Doyle,ShannonDoyle@testemail.com,599-728-9995,Flores-Reese,Careers information officer
floresbailey,Heather Chavez,HeatherChavez@testemail.com,299-296-1722x2785,Flores-Bailey,Geochemist
ortizpham,David Miller,DavidMiller@testemail.com,893-966-1781x035,Ortiz-Pham,Agricultural consultant
rodriguezplc,Jonathan Vasquez,JonathanVasquez@testemail.com,(433)851-6154,Rodriguez PLC,Fast food restaurant manager
barnettpeters,Jessica Petersen,JessicaPetersen@testemail.com,001-528-171-2913,Barnett-Peters,Midwife
perkinswatkins,Roger Wolfe,RogerWolfe@testemail.com,5575997884,Perkins-Watkins,"Radiographer, diagnostic"
roseltd,Raymond Edwards,RaymondEdwards@testemail.com,001-232-455-5703,Rose Ltd,Ship broker
hendersonsilva,Gregory Diaz,GregoryDiaz@testemail.com,+1-133-896-7115x8542,Henderson-Silva,"Engineer, civil (consulting)"
lynchharrisandcook,Nicole Mcclure,NicoleMcclure@testemail.com,(056)715-2601,"Lynch, Harris and Cook",Barista
camposboyd,Christopher Banks,ChristopherBanks@testemail.com,860.810.6842x842,Campos-Boyd,Engineering geologist
martinezkimandhoward,Anthony Sparks,AnthonySparks@testemail.com,441.331.4615x139,"Martinez, Kim and Howard",Maintenance engineer
williamsltd,Ronald Petty,RonaldPetty@testemail.com,573.256.7016x56872,Williams Ltd,Print production planner
leonandsons,Rebecca Turner,RebeccaTurner@testemail.com,(745)148-6492x60133,Leon and Sons,Seismic interpreter
sotollc,Angelica Smith,AngelicaSmith@testemail.com,(345)632-1924,Soto LLC,Insurance claims handler
evansandsons,Mr. Jason Gonzalez,Mr.JasonGonzalez@testemail.com,853.184.8768x721,Evans and Sons,"Merchandiser, retail"
garcialeeandwilliams,Karen Jones,KarenJones@testemail.com,219.826.0686x41316,"Garcia, Lee and Williams",Agricultural engineer
saundersnichols,Michael Bauer,MichaelBauer@testemail.com,(775)612-3871,Saunders-Nichols,Special effects artist
bassortizandfitzpatrick,Sandra Leonard,SandraLeonard@testemail.com,262.418.7932x7007,"Bass, Ortiz and Fitzpatrick",Banker
saundersnichols,Felicia Wright,FeliciaWright@testemail.com,(093)336-2429,Saunders-Nichols,Food technologist
hendersonsilva,Mr. Jason Blake PhD,Mr.JasonBlakePhD@testemail.com,+1-362-757-4608x72073,Henderson-Silva,Museum/gallery conservator
cooperwest,Christina Dalton,ChristinaDalton@testemail.com,9083914680,Cooper-West,Architectural technologist
hernandezbriggs,Kimberly Hebert,KimberlyHebert@testemail.com,(509)082-5529x202,Hernandez-Briggs,Production manager
rodriguezplc,Charles Wiggins,CharlesWiggins@testemail.com,6408175732,Rodriguez PLC,Barista
camposboyd,Christopher Garcia DVM,ChristopherGarciaDVM@testemail.com,4271986915,Campos-Boyd,Chartered accountant
montesbarnes,Michelle Salas,MichelleSalas@testemail.com,(590)058-5059x872,Montes-Barnes,Firefighter
jonesltd,Roger Ramirez,RogerRamirez@testemail.com,001-815-920-2451,Jones Ltd,Photographer
cervantes,Reginald Holloway,ReginaldHolloway@testemail.com,+1-815-450-2798,Cervantes,Wellsite geologist
martinezkimandhoward,Dominic Petty,DominicPetty@testemail.com,+1-464-214-2576x09124,"Martinez, Kim and Howard",Fast food restaurant manager
weissortiz,Cindy Sellers,CindySellers@testemail.com,+1-126-997-4950x974,Weiss-Ortiz,"Designer, multimedia"
russomoranandhoffman,Michael Carroll,MichaelCarroll@testemail.com,066.911.1586,"Russo, Moran and Hoffman",Technical brewer
hendersonsilva,Chad Gilbert,ChadGilbert@testemail.com,(895)467-8823x254,Henderson-Silva,"Sound technician, broadcasting/film/video"
wagnerbaileyandguzman,Jillian Collins,JillianCollins@testemail.com,312-703-5752,"Wagner, Bailey and Guzman",Furniture conservator/restorer
powellmcmahonandshaffer,Amanda Gonzalez,AmandaGonzalez@testemail.com,(903)335-8122,"Powell, Mcmahon and Shaffer",Publishing rights manager
adamsllc,Amanda Dixon,AmandaDixon@testemail.com,830-558-3016x635,Adams LLC,"Geologist, wellsite"
martinllc,John Welch,JohnWelch@testemail.com,(196)536-0825,Martin LLC,Counselling psychologist
caseystephenson,Karen Tyler,KarenTyler@testemail.com,5002918295,Casey-Stephenson,Radio broadcast assistant
lopezkirby,Teresa Thomas,TeresaThomas@testemail.com,194.025.3358x2407,Lopez-Kirby,Comptroller
shepherddavis,Timothy Ruiz,TimothyRuiz@testemail.com,+1-562-598-2844,Shepherd-Davis,Psychiatric nurse
jonesplc,Antonio Salazar,AntonioSalazar@testemail.com,945.045.4275x4217,Jones PLC,Public relations officer
whiteheadbell,Linda Marquez,LindaMarquez@testemail.com,+1-240-351-7317x06260,Whitehead-Bell,Banker
floresreese,Angela Pugh,AngelaPugh@testemail.com,001-053-514-9571x7385,Flores-Reese,"Journalist, newspaper"
montesbarnes,Laura Morales,LauraMorales@testemail.com,432.901.7663x4697,Montes-Barnes,"Designer, fashion/clothing"
grosskennedy,Maria Lamb,MariaLamb@testemail.com,029.301.5015x64691,Gross-Kennedy,"Engineer, manufacturing"
masongroup,Michele Greer,MicheleGreer@testemail.com,+1-341-188-6380x1999,Mason Group,"Copywriter, advertising"
manninginc,Paul Richardson,PaulRichardson@testemail.com,+1-248-388-5017x88227,Manning Inc,Web designer
hardinplc,Randy Adams,RandyAdams@testemail.com,631.378.4594,Hardin PLC,Publishing copy
myersdawson,Sheila Peterson,SheilaPeterson@testemail.com,+1-838-377-4318x83609,Myers-Dawson,Tax adviser
meyeralexanderandkim,Natalie Rivers,NatalieRivers@testemail.com,015.438.3344x523,"Meyer, Alexander and Kim","Engineer, agricultural"
rileyedwardsandcalderon,Ashley Smith,AshleySmith@testemail.com,559-535-6384x2710,"Riley, Edwards and Calderon",Quarry manager
belldeanandoneill,Kathy Rose,KathyRose@testemail.com,+1-745-399-6611x046,"Bell, Dean and Oneill",Insurance account manager
hernandezwoods,Donna Travis,DonnaTravis@testemail.com,+1-160-707-8268x239,Hernandez-Woods,Associate Professor
hendersonsilva,Kenneth Hoover,KennethHoover@testemail.com,001-518-338-8319x38378,Henderson-Silva,Metallurgist
sotollc,Larry Irwin,LarryIrwin@testemail.com,(304)152-3796x45693,Soto LLC,"Lecturer, higher education"
adamsllc,Christopher Livingston PhD,ChristopherLivingstonPhD@testemail.com,(654)904-8006,Adams LLC,Geophysical data processor
burnsandsons,John Rodriguez,JohnRodriguez@testemail.com,541-752-0648x43158,Burns and Sons,Multimedia specialist
beaninc,Elizabeth Pollard,ElizabethPollard@testemail.com,+1-970-612-0265,Bean Inc,Glass blower/designer
shepardplc,Mrs. Natasha Best,Mrs.NatashaBest@testemail.com,+1-074-445-6161,Shepard PLC,"Restaurant manager, fast food"
barneswhiteheadandgray,Lindsey Gonzales,LindseyGonzales@testemail.com,239.687.9944x58774,"Barnes, Whitehead and Gray",Contractor
harrisbecker,Michael Skinner,MichaelSkinner@testemail.com,221-777-7189,Harris-Becker,Actor
sotollc,Brooke Rodriguez,BrookeRodriguez@testemail.com,001-214-652-0067x2499,Soto LLC,Ambulance person
brownwoodwardandsexton,Jessica Barnes,JessicaBarnes@testemail.com,(373)774-3025,"Brown, Woodward and Sexton","Surveyor, mining"
shepherddavis,Samuel Heath,SamuelHeath@testemail.com,+1-008-448-7625x154,Shepherd-Davis,"Programme researcher, broadcasting/film/video"
thomasloveandharris,Jordan Ho,JordanHo@testemail.com,+1-155-974-7956,"Thomas, Love and Harris",Architect
leonandsons,Jason Miller,JasonMiller@testemail.com,001-574-456-8575,Leon and Sons,"Teacher, music"
masongroup,Bonnie Anderson,BonnieAnderson@testemail.com,730.183.5107x0308,Mason Group,"Buyer, retail"
ramosmontgomery,Jimmy Adams,JimmyAdams@testemail.com,471-182-8806,Ramos-Montgomery,"Development worker, international aid"
masseyltd,Elizabeth Fox,ElizabethFox@testemail.com,494-962-2695x658,Massey Ltd,Special educational needs teacher
bakermcdanielandcruz,Katie Clark,KatieClark@testemail.com,001-161-706-1144x3300,"Baker, Mcdaniel and Cruz",Colour technologist
powellmcmahonandshaffer,Hayley Robinson,HayleyRobinson@testemail.com,001-829-242-9351,"Powell, Mcmahon and Shaffer","Production assistant, television"
ortizpham,Robert Sampson,RobertSampson@testemail.com,(998)746-5964x433,Ortiz-Pham,Sub
pricellc,Amanda Alexander,AmandaAlexander@testemail.com,+1-156-448-5706,Price LLC,Horticultural consultant
guerragarcia,Gregory Johnson,GregoryJohnson@testemail.com,001-943-336-2033x7112,Guerra-Garcia,Mining engineer
weissortiz,Amy Wright,AmyWright@testemail.com,001-392-290-0426,Weiss-Ortiz,"Scientist, clinical (histocompatibility and immunogenetics)"
martinezkimandhoward,Samuel Hunter,SamuelHunter@testemail.com,001-236-675-7509x29779,"Martinez, Kim and Howard",Interior and spatial designer
gaystevenson,Thomas Davis Jr.,ThomasDavisJr.@testemail.com,001-383-647-5882,Gay-Stevenson,"Engineer, chemical"
sotollc,Kevin Buchanan,KevinBuchanan@testemail.com,+1-790-939-0429,Soto LLC,Chief Executive Officer
barneswhiteheadandgray,Ms. Cindy Juarez MD,Ms.CindyJuarezMD@testemail.com,(918)834-6870,"Barnes, Whitehead and Gray",Forensic psychologist
guerragarcia,Erin Williams,ErinWilliams@testemail.com,(609)685-5115x9990,Guerra-Garcia,"Engineer, civil (consulting)"
grosskennedy,Crystal Hunt,CrystalHunt@testemail.com,001-930-113-2241x7905,Gross-Kennedy,Pensions consultant
brownwoodwardandsexton,Alyssa Lang,AlyssaLang@testemail.com,046-437-4078x770,"Brown, Woodward and Sexton",Advice worker
evansandsons,Emily Thomas,EmilyThomas@testemail.com,7464553733,Evans and Sons,"Lighting technician, broadcasting/film/video"
gaystevenson,Daniel Aguilar,DanielAguilar@testemail.com,399.196.7729x444,Gay-Stevenson,Quarry manager
galvangroup,Sharon Hammond,SharonHammond@testemail.com,1250087637,Galvan Group,Museum/gallery exhibitions officer
wagnerbaileyandguzman,Heather Orozco,HeatherOrozco@testemail.com,(158)004-0720,"Wagner, Bailey and Guzman",Ophthalmologist
cervantes,Kimberly Welch,KimberlyWelch@testemail.com,(569)878-2987x3660,Cervantes,"Geneticist, molecular"
mackgroup,Lisa Cross,LisaCross@testemail.com,9439663230,Mack Group,Television/film/video producer
claysmithandphillips,Shawn Griffith,ShawnGriffith@testemail.com,001-149-525-4147x72193,"Clay, Smith and Phillips",Analytical chemist
perkinswatkins,Virginia Perez,VirginiaPerez@testemail.com,799.649.4849,Perkins-Watkins,Logistics and distribution manager
raymondterryandwarner,James Hooper,JamesHooper@testemail.com,3566346529,"Raymond, Terry and Warner","Teacher, adult education"
myersdawson,Ronnie Robinson,RonnieRobinson@testemail.com,963.467.9419,Myers-Dawson,"Engineer, maintenance"
tatellc,Kevin Schmidt,KevinSchmidt@testemail.com,085.983.3578x6785,Tate LLC,Systems developer
bergltd,Daniel Pennington,DanielPennington@testemail.com,001-502-169-6213,Berg Ltd,Homeopath
martinezkimandhoward,Ryan Wang,RyanWang@testemail.com,851.318.8857x61409,"Martinez, Kim and Howard",Armed forces logistics/support/administrative officer
nielsenllc,Renee Tucker,ReneeTucker@testemail.com,(462)129-4958x21388,Nielsen LLC,Race relations officer
edwardsandsons,Shannon Potts,ShannonPotts@testemail.com,001-179-585-6949,Edwards and Sons,Barrister's clerk
kellyinc,Annette Carter,AnnetteCarter@testemail.com,(984)152-9747,Kelly Inc,Community pharmacist
burnsandsons,Samantha Wilson,SamanthaWilson@testemail.com,681-052-9430x78382,Burns and Sons,Visual merchandiser
shepardplc,Diane Owens,DianeOwens@testemail.com,7659725221,Shepard PLC,Insurance risk surveyor
leonandsons,Megan Lopez,MeganLopez@testemail.com,+1-144-840-2620x2627,Leon and Sons,"Therapist, speech and language"
bassortizandfitzpatrick,Caroline Garcia,CarolineGarcia@testemail.com,001-263-772-6969x98339,"Bass, Ortiz and Fitzpatrick",Theatre manager
martinezkimandhoward,Eric Martinez,EricMartinez@testemail.com,(395)658-2547x648,"Martinez, Kim and Howard",Environmental education officer
ballardinc,Danielle Craig,DanielleCraig@testemail.com,3212697147,Ballard Inc,Advertising art director
meyeralexanderandkim,William Moon,WilliamMoon@testemail.com,505.426.2694x381,"Meyer, Alexander and Kim","Administrator, sports"
lopezkirby,Nicolas Fernandez PhD,NicolasFernandezPhD@testemail.com,001-344-708-5078x5827,Lopez-Kirby,Jewellery designer
diazplc,Sydney Jones,SydneyJones@testemail.com,+1-849-180-7197,Diaz PLC,"Psychologist, prison and probation services"
montgomerycox,Morgan Horn,MorganHorn@testemail.com,566.719.8871x260,Montgomery-Cox,Biomedical engineer
myersllc,Cynthia Escobar,CynthiaEscobar@testemail.com,979.591.3005,Myers LLC,Armed forces logistics/support/administrative officer
leonandsons,Robert Phillips,RobertPhillips@testemail.com,8025813987,Leon and Sons,Sub
huntreed,David Thomas,DavidThomas@testemail.com,534-819-7913,Hunt-Reed,Estate manager/land agent
hendersonsilva,David Hines,DavidHines@testemail.com,856-664-6020x459,Henderson-Silva,"Geologist, wellsite"
montgomerycox,Jessica Butler,JessicaButler@testemail.com,(775)593-4796,Montgomery-Cox,Telecommunications researcher
ramirezplc,Casey Ortiz,CaseyOrtiz@testemail.com,754.547.7144x85013,Ramirez PLC,Contractor
whiteheadbell,Kristina Vasquez,KristinaVasquez@testemail.com,382.498.5794x052,Whitehead-Bell,Private music teacher
manninginc,Veronica Ward,VeronicaWard@testemail.com,+1-761-053-2077x727,Manning Inc,Records manager
floresreese,Jennifer Malone,JenniferMalone@testemail.com,272-579-5341,Flores-Reese,Homeopath
masongroup,Alexandra Hardy,AlexandraHardy@testemail.com,4965304761,Mason Group,Fine artist
morenoltd,Ellen Holden DDS,EllenHoldenDDS@testemail.com,343-454-1420x735,Moreno Ltd,Drilling engineer
edwardsandsons,Susan Martinez,SusanMartinez@testemail.com,463-220-4840,Edwards and Sons,"Engineer, maintenance"
roseltd,Christine Marks,ChristineMarks@testemail.com,781.206.0276x6587,Rose Ltd,English as a second language teacher
caseystephenson,Felicia Harris,FeliciaHarris@testemail.com,6766461295,Casey-Stephenson,Animal nutritionist
ballardinc,Ryan Arnold,RyanArnold@testemail.com,001-244-706-9146x52649,Ballard Inc,Sports therapist
floresbailey,Christopher Ferguson,ChristopherFerguson@testemail.com,295-936-7950,Flores-Bailey,Oncologist
gloverrivera,Mary Rivera,MaryRivera@testemail.com,342-428-3188,Glover-Rivera,Warehouse manager
watkinssandersandbarry,April Cole,AprilCole@testemail.com,797-191-1981,"Watkins, Sanders and Barry",Housing manager/officer
evansandsons,Ernest Johnson,ErnestJohnson@testemail.com,533.202.1652x15170,Evans and Sons,"Surveyor, mining"
watkinssandersandbarry,Briana Chen,BrianaChen@testemail.com,+1-823-731-9994x4332,"Watkins, Sanders and Barry",Meteorologist
grosskennedy,Sandra Dorsey,SandraDorsey@testemail.com,474.423.3797,Gross-Kennedy,Music therapist
caseystephenson,Stephanie Johnson MD,StephanieJohnsonMD@testemail.com,+1-703-153-0460x963,Casey-Stephenson,"Nurse, adult"
myersdawson,Nicholas Massey,NicholasMassey@testemail.com,378.797.2371x899,Myers-Dawson,"Sales professional, IT"
wagnerbaileyandguzman,Steven Mccarty,StevenMccarty@testemail.com,(842)417-5154x928,"Wagner, Bailey and Guzman",Drilling engineer
ramosmontgomery,Pamela Shields,PamelaShields@testemail.com,(215)021-7170,Ramos-Montgomery,"Scientist, research (life sciences)"
galvangroup,Diane Thomas,DianeThomas@testemail.com,955.893.4880,Galvan Group,Osteopath
mackgroup,Daniel Martin,DanielMartin@testemail.com,171-061-1478,Mack Group,"Sound technician, broadcasting/film/video"
jamesllc,Janet Moore,JanetMoore@testemail.com,378.636.9585x33280,James LLC,"Surveyor, land/geomatics"
claysmithandphillips,Denise Hobbs,DeniseHobbs@testemail.com,323-050-2966,"Clay, Smith and Phillips",Freight forwarder
daviesgroup,Ronald Brooks,RonaldBrooks@testemail.com,+1-756-902-3170x89938,Davies Group,Chief Marketing Officer
montesbarnes,Christopher Martin,ChristopherMartin@testemail.com,462.251.5502x710,Montes-Barnes,"Engineer, petroleum"
masseyltd,Darren Howell,DarrenHowell@testemail.com,(372)542-0855,Massey Ltd,Civil Service administrator
ortizpham,Brian Byrd,BrianByrd@testemail.com,364.456.3300,Ortiz-Pham,Broadcast engineer
wagnerbaileyandguzman,Francis Figueroa,FrancisFigueroa@testemail.com,(685)452-8972x7788,"Wagner, Bailey and Guzman",Heritage manager
galvangroup,Adriana Parker,AdrianaParker@testemail.com,464.280.2045x719,Galvan Group,Editorial assistant
beaninc,John Patterson,JohnPatterson@testemail.com,627.057.1743x7111,Bean Inc,Stage manager
younggarcia,Alan Sullivan,AlanSullivan@testemail.com,687.412.1717,Young-Garcia,Publishing rights manager
montgomerybrady,Jeanette Lopez,JeanetteLopez@testemail.com,323-811-9519,Montgomery-Brady,Charity fundraiser
martinezinc,Ashley Jackson,AshleyJackson@testemail.com,638.294.7546,Martinez Inc,"Editor, magazine features"
martinezkimandhoward,Robert Smith,RobertSmith@testemail.com,235-086-1101x56008,"Martinez, Kim and Howard",Exercise physiologist
masongroup,Eric Jones,EricJones@testemail.com,3613648568,Mason Group,Government social research officer
martinllc,Benjamin Shields,BenjaminShields@testemail.com,(216)995-6461x54017,Martin LLC,Seismic interpreter
beaninc,Michelle Roberts,MichelleRoberts@testemail.com,501.002.1968,Bean Inc,Art gallery manager
tuckerltd,Christopher Harris,ChristopherHarris@testemail.com,573.887.6041x8713,Tucker Ltd,Mudlogger
jonesadkinsandrobinson,Paul Valdez,PaulValdez@testemail.com,001-660-074-8365x733,"Jones, Adkins and Robinson","Lecturer, higher education"
tuckerltd,Jacob Lucas,JacobLucas@testemail.com,860.681.4978,Tucker Ltd,"Surveyor, hydrographic"
myersllc,Jacob Clay MD,JacobClayMD@testemail.com,1233101689,Myers LLC,"Horticulturist, commercial"
powellmcmahonandshaffer,Kimberly Vaughn,KimberlyVaughn@testemail.com,447-990-2916,"Powell, Mcmahon and Shaffer",Broadcast engineer
manninginc,Matthew Green,MatthewGreen@testemail.com,(487)085-1727x3796,Manning Inc,"Engineer, petroleum"
mackgroup,Brianna Stewart,BriannaStewart@testemail.com,564-016-4203,Mack Group,Estate agent
hernandezwoods,Frank Carroll,FrankCarroll@testemail.com,787-438-8529,Hernandez-Woods,"Engineer, technical sales"
cooperpinedaandwhitney,Suzanne Bell,SuzanneBell@testemail.com,(169)051-3035x6742,"Cooper, Pineda and Whitney",Legal executive
hernandezwoods,Kimberly Sims,KimberlySims@testemail.com,398.920.7773,Hernandez-Woods,Automotive engineer
claysmithandphillips,Vernon Hill,VernonHill@testemail.com,065.127.4339,"Clay, Smith and Phillips",Secondary school teacher
myersdawson,Kayla Hunter,KaylaHunter@testemail.com,001-828-454-1659x2705,Myers-Dawson,Volunteer coordinator
myersllc,Jeffrey Roberts,JeffreyRoberts@testemail.com,(230)389-9695x8604,Myers LLC,Colour technologist
bakermcdanielandcruz,Nicholas Clarke,NicholasClarke@testemail.com,(873)387-6394,"Baker, Mcdaniel and Cruz",Teaching laboratory technician
ortizpham,Dr. Crystal Ashley MD,Dr.CrystalAshleyMD@testemail.com,218.702.2435x24899,Ortiz-Pham,Research scientist (maths)
bergltd,Douglas Lynch,DouglasLynch@testemail.com,+1-314-582-1501,Berg Ltd,Trading standards officer
mackgroup,Kathryn Shepard,KathrynShepard@testemail.com,848-521-6685x9209,Mack Group,Sports coach
olsonsanders,Alison Riddle,AlisonRiddle@testemail.com,864-302-0879,Olson-Sanders,Public relations account executive
powellmcmahonandshaffer,Pamela Pittman,PamelaPittman@testemail.com,001-027-990-7701x92973,"Powell, Mcmahon and Shaffer",Product designer
hernandezhoffmanandsanchez,Matthew Flores,MatthewFlores@testemail.com,000-888-9831,"Hernandez, Hoffman and Sanchez",Automotive engineer
ballardinc,Melissa Dillon,MelissaDillon@testemail.com,799.924.3874x722,Ballard Inc,Furniture designer
brownhawkins,Jose Vasquez,JoseVasquez@testemail.com,+1-332-247-2432,Brown-Hawkins,"Designer, multimedia"
leonandsons,Brian Hanson,BrianHanson@testemail.com,+1-333-353-4118x346,Leon and Sons,Theatre stage manager
morenoltd,Tara Rush,TaraRush@testemail.com,+1-610-351-8706,Moreno Ltd,Health promotion specialist
barneswhiteheadandgray,Rachel Mccarthy,RachelMccarthy@testemail.com,001-724-140-1452x8678,"Barnes, Whitehead and Gray",Media planner
suarezriddleandblack,Erika Newton,ErikaNewton@testemail.com,853.663.4920x917,"Suarez, Riddle and Black",Volunteer coordinator
daviesgroup,Andrew Winters,AndrewWinters@testemail.com,001-856-386-6246,Davies Group,Data scientist
burnsandsons,Sara Anderson,SaraAnderson@testemail.com,077.309.0131x35202,Burns and Sons,Adult guidance worker
watkinssandersandbarry,William Martin,WilliamMartin@testemail.com,001-433-399-1871,"Watkins, Sanders and Barry",Careers information officer
gonzalesmillerandsanchez,Duane Hunt,DuaneHunt@testemail.com,(822)708-5317x427,"Gonzales, Miller and Sanchez",Sales promotion account executive
hardinplc,Mark Giles,MarkGiles@testemail.com,007.916.2084x468,Hardin PLC,Pathologist
mackgroup,Barbara Patterson,BarbaraPatterson@testemail.com,001-905-112-5826x9546,Mack Group,Fast food restaurant manager
jonesadkinsandrobinson,Gina Smith,GinaSmith@testemail.com,(453)322-8790x036,"Jones, Adkins and Robinson",Health visitor
ortizpham,James Keller,JamesKeller@testemail.com,+1-523-795-3275x90944,Ortiz-Pham,Dietitian
ballardinc,Carly Sullivan,CarlySullivan@testemail.com,576.723.9254,Ballard Inc,Ergonomist
saundersnichols,Lucas Bautista,LucasBautista@testemail.com,3696263110,Saunders-Nichols,"Sound technician, broadcasting/film/video"
tatellc,Laura Hays,LauraHays@testemail.com,3851614482,Tate LLC,Advertising account executive
jonesquinnandgonzalez,Kathryn Martin,KathrynMartin@testemail.com,001-598-848-0822,"Jones, Quinn and Gonzalez","Biochemist, clinical"
burnsandsons,Joseph Frost,JosephFrost@testemail.com,+1-030-920-5403,Burns and Sons,"Teacher, special educational needs"
rodriguezplc,Rebecca Burton,RebeccaBurton@testemail.com,998.613.2272x9826,Rodriguez PLC,Petroleum engineer
hardinplc,David Davis,DavidDavis@testemail.com,(760)232-2534,Hardin PLC,Information officer
cooperpinedaandwhitney,Mark Smith,MarkSmith@testemail.com,669.529.3267x769,"Cooper, Pineda and Whitney","Teacher, secondary school"
watkinssandersandbarry,Edward Gilmore,EdwardGilmore@testemail.com,628.025.5426x8367,"Watkins, Sanders and Barry",Mining engineer
gloverrivera,Zachary Horton,ZacharyHorton@testemail.com,(022)390-7521,Glover-Rivera,Clothing/textile technologist
gaystevenson,John Snow,JohnSnow@testemail.com,001-594-675-8437x1957,Gay-Stevenson,"Research officer, trade union"
tuckerltd,Chris Gross,ChrisGross@testemail.com,355-827-3394x425,Tucker Ltd,Geoscientist
leonandsons,Keith Conner,KeithConner@testemail.com,+1-367-946-0917,Leon and Sons,Web designer
belldeanandoneill,Jason Craig,JasonCraig@testemail.com,247-686-9496x9370,"Bell, Dean and Oneill",Quarry manager
camposboyd,Manuel Graham,ManuelGraham@testemail.com,9879009944,Campos-Boyd,Teaching laboratory technician
brownwoodwardandsexton,Cindy Mitchell,CindyMitchell@testemail.com,140.483.1767x26208,"Brown, Woodward and Sexton",Herbalist
younggarcia,Terry Baker,TerryBaker@testemail.com,288-164-6925,Young-Garcia,Television floor manager
gaystevenson,Joseph Bishop,JosephBishop@testemail.com,8041992854,Gay-Stevenson,Energy manager
grosskennedy,Mark Warren,MarkWarren@testemail.com,4303860508,Gross-Kennedy,Armed forces operational officer
colemanjonesandkeith,Brianna Moore,BriannaMoore@testemail.com,578.046.4113,"Coleman, Jones and Keith",Air cabin crew
tatellc,Joseph Patterson,JosephPatterson@testemail.com,001-942-629-8078x7365,Tate LLC,"Buyer, industrial"
shepherddavis,Daniel Ellis,DanielEllis@testemail.com,918-603-9097,Shepherd-Davis,Counsellor
harrischapman,Emily Brown,EmilyBrown@testemail.com,001-523-084-2138x704,Harris-Chapman,"Sound technician, broadcasting/film/video"
diazplc,Rachael Jackson,RachaelJackson@testemail.com,(244)103-3014,Diaz PLC,"Engineer, aeronautical"
adamsllc,Victor Griffith,VictorGriffith@testemail.com,729.782.2490,Adams LLC,Clinical psychologist
williamsltd,Barbara Stokes,BarbaraStokes@testemail.com,080-352-6419x62063,Williams Ltd,"Journalist, broadcasting"
alleninc,Steven Fox,StevenFox@testemail.com,(176)285-7921x7123,Allen Inc,Animal technologist
jonesquinnandgonzalez,Nathan Harding,NathanHarding@testemail.com,260.914.0386x4249,"Jones, Quinn and Gonzalez","Programmer, multimedia"
shepherddavis,Jason Ramos,JasonRamos@testemail.com,055-246-8896x50284,Shepherd-Davis,Financial risk analyst
floresbailey,Scott Wallace,ScottWallace@testemail.com,(524)703-8345,Flores-Bailey,"Librarian, academic"
bakermcdanielandcruz,Amanda Kent,AmandaKent@testemail.com,4939544130,"Baker, Mcdaniel and Cruz","Surveyor, building"
jonesquinnandgonzalez,Mrs. Felicia Johnson MD,Mrs.FeliciaJohnsonMD@testemail.com,714.335.8813x0231,"Jones, Quinn and Gonzalez",Metallurgist
leonandsons,Cameron Horn,CameronHorn@testemail.com,665-538-6029x95568,Leon and Sons,Manufacturing systems engineer
younggarcia,Allison Morgan,AllisonMorgan@testemail.com,(210)752-4807,Young-Garcia,Chartered accountant
suarezriddleandblack,Kelly Richardson,KellyRichardson@testemail.com,+1-312-660-8961x2017,"Suarez, Riddle and Black",Advertising account executive
cooperpinedaandwhitney,Crystal Beard,CrystalBeard@testemail.com,243.921.0043,"Cooper, Pineda and Whitney","Engineer, automotive"
hernandezbriggs,Emily Lynch,EmilyLynch@testemail.com,001-206-670-9565x29728,Hernandez-Briggs,Patent attorney
jonesquinnandgonzalez,James Hardin,JamesHardin@testemail.com,177.443.8087x680,"Jones, Quinn and Gonzalez",Ophthalmologist
hernandezhoffmanandsanchez,Monique Price,MoniquePrice@testemail.com,(428)252-0998x494,"Hernandez, Hoffman and Sanchez","Surveyor, insurance"
younggarcia,Steven Gates,StevenGates@testemail.com,232.963.7328,Young-Garcia,Biomedical engineer
morenoltd,Anthony Li,AnthonyLi@testemail.com,001-745-395-7015x6303,Moreno Ltd,Facilities manager
cervantes,Aimee Taylor,AimeeTaylor@testemail.com,116-971-8849,Cervantes,Operational researcher
cooperwest,James Thompson,JamesThompson@testemail.com,3697115189,Cooper-West,Occupational hygienist
hendersonsilva,Alison Freeman,AlisonFreeman@testemail.com,001-602-700-6770x3009,Henderson-Silva,Scientific laboratory technician
hernandezbriggs,Katelyn Small,KatelynSmall@testemail.com,(778)092-3445,Hernandez-Briggs,Commercial art gallery manager
gaystevenson,Joseph Vaughn,JosephVaughn@testemail.com,(555)886-9040,Gay-Stevenson,"Engineer, biomedical"
beaninc,Michael Ballard,MichaelBallard@testemail.com,188-890-2748x057,BeanInc,"Surveyor, minerals"
hernandezbriggs,Christopher Wheeler,ChristopherWheeler@testemail.com,498-894-5543x96438,Hernandez-Briggs,Art gallery manager
jonesquinnandgonzalez,Susan Snyder,SusanSnyder@testemail.com,351-198-6609x2584,"Jones, Quinn and Gonzalez","Programmer, applications"
brownhawkins,Sara Wells PhD,SaraWellsPhD@testemail.com,943-063-0224x719,Brown-Hawkins,"Engineer, site"
hardinplc,Andrew Stewart,AndrewStewart@testemail.com,+1-325-461-0834x5300,Hardin PLC,"Accountant, chartered public finance"
durhaminc,Cynthia Garrett,CynthiaGarrett@testemail.com,133-179-4208x750,Durham Inc,"Surveyor, commercial/residential"
huntreed,Michelle Phillips,MichellePhillips@testemail.com,731-567-6074,Hunt-Reed,"Psychologist, sport and exercise"
bakermcdanielandcruz,Jordan Mcbride,JordanMcbride@testemail.com,951.746.8235x4192,"Baker, Mcdaniel and Cruz",Diagnostic radiographer
raymondterryandwarner,Jennifer Mason,JenniferMason@testemail.com,+1-071-352-0437,"Raymond, Terry and Warner",Psychiatric nurse
martinezinc,Jason Jackson,JasonJackson@testemail.com,175.107.0546x915,Martinez Inc,Art therapist
alleninc,Erin Osborne,ErinOsborne@testemail.com,001-691-243-4784,Allen Inc,Insurance underwriter
ramirezplc,Amy Yu,AmyYu@testemail.com,+1-138-188-1517x1967,Ramirez PLC,Economist
morenoltd,Bethany Mcdaniel,BethanyMcdaniel@testemail.com,607.189.3082,Moreno Ltd,Legal secretary
brownhawkins,Gary Anderson,GaryAnderson@testemail.com,001-114-237-8857x763,Brown-Hawkins,Multimedia programmer
shepherddavis,Megan Hudson,MeganHudson@testemail.com,(667)320-4764x296,Shepherd-Davis,Health visitor
martingates,Kelsey Lopez,KelseyLopez@testemail.com,(834)648-9025x5304,Martin-Gates,Energy manager
lopezkirby,Samantha Hansen,SamanthaHansen@testemail.com,(453)418-8760x69742,Lopez-Kirby,Broadcast journalist
mackgroup,Charles Paul,CharlesPaul@testemail.com,001-846-775-2574x313,Mack Group,Field trials officer
grosskennedy,Rebecca Braun,RebeccaBraun@testemail.com,954-710-7684,Gross-Kennedy,Chief Technology Officer
jonesadkinsandrobinson,Courtney Nunez,CourtneyNunez@testemail.com,+1-128-694-1477x4703,"Jones, Adkins and Robinson",Forensic scientist
lopezkirby,Christopher Pugh,ChristopherPugh@testemail.com,368-761-6844x870,Lopez-Kirby,Charity officer
gaystevenson,Tanya Sanchez,TanyaSanchez@testemail.com,550.756.8582x7926,Gay-Stevenson,Retail merchandiser
cooperpinedaandwhitney,Angela Blair,AngelaBlair@testemail.com,+1-624-821-4940x4059,"Cooper, Pineda and Whitney","Radiographer, diagnostic"
williamsltd,Michael Lozano,MichaelLozano@testemail.com,001-625-833-1308x51753,Williams Ltd,Historic buildings inspector/conservation officer
pricellc,Peggy Ortiz,PeggyOrtiz@testemail.com,657.069.9946,Price LLC,Glass blower/designer
olsonsanders,Rebecca Stevens,RebeccaStevens@testemail.com,(114)376-8910x88522,Olson-Sanders,"Conservator, furniture"
jamesllc,Joseph Bryan,JosephBryan@testemail.com,125.753.5845x99558,James LLC,Ceramics designer
ball%ardinc,Hannah Booker,HannahBooker@testemail.com,001-806-484-9940x0311,Ball%ard Inc,Animal nutritionist
hernandezwoods,Scott Hernandez,ScottHernandez@testemail.com,+1-644-721-0968,Hernandez-Woods,Chemical engineer
rodriguezplc,Jose Snyder,JoseSnyder@testemail.com,(030)625-1690x9869,Rodriguez PLC,"Scientist, biomedical"
harrisbecker,David Williamson,DavidWilliamson@testemail.com,909-741-7257x0999,Harris-Becker,Proofreader
thomasloveandharris,Donald Ramirez,DonaldRamirez@testemail.com,808-721-0263,"Thomas, Love and Harris",Higher education careers adviser
olsonsanders,Brandon Trevino,BrandonTrevino@testemail.com,756-599-5003,Olson-Sanders,"Surveyor, insurance"
hernandezbriggs,Mark Hernandez,MarkHernandez@testemail.com,+1-500-077-9761,Hernandez-Briggs,"Engineer, building services"
martinezinc,Mr. Michael Williams,Mr.MichaelWilliams@testemail.com,(481)656-4700,Martinez Inc,Archivist
montgomerycox,Kimberly Booker,KimberlyBooker@testemail.com,+1-280-255-0065x25220,Montgomery-Cox,"Psychologist, educational"
bassortizandfitzpatrick,Jacqueline Smith,JacquelineSmith@testemail.com,572.945.6909,"Bass, Ortiz and Fitzpatrick",Community development worker
russomoranandhoffman,Samantha Garcia,SamanthaGarcia@testemail.com,605-245-5783,"Russo, Moran and Hoffman","Optician, dispensing"
jonesadkinsandrobinson,Stephen Smith,StephenSmith@testemail.com,(381)470-5654x616,"Jones, Adkins and Robinson",Medical laboratory scientific officer
myersllc,Dr. Amy Moore,Dr.AmyMoore@testemail.com,001-292-258-8792x890,Myers LLC,"Therapist, occupational"
durhaminc,Mrs. Melanie Brown,Mrs.MelanieBrown@testemail.com,(864)449-2315,Durham Inc,Systems developer
montgomerycox,Tina Galvan,TinaGalvan@testemail.com,(551)445-3844,Montgomery-Cox,"Therapist, occupational"
lynchharrisandcook,Paula Dickerson,PaulaDickerson@testemail.com,814.385.4810,"Lynch, Harris and Cook",Restaurant manager
tuckerltd,Kathleen Snyder,KathleenSnyder@testemail.com,001-204-116-0443x173,Tucker Ltd,"Education officer, environmental"
pearsonltd,Debra Collins,DebraCollins@testemail.com,(924)991-3123,Pearson Ltd,"Engineer, manufacturing"
ramirezplc,Carl Hall,CarlHall@testemail.com,001-056-035-1291,Ramirez PLC,Trading standards officer
powellmcmahonandshaffer,James Cox,JamesCox@testemail.com,363-470-8214,"Powell, Mcmahon and Shaffer",Call centre manager
ramosmontgomery,Mr. Collin Robinson Jr.,Mr.CollinRobinsonJr.@testemail.com,156.216.4624x740,Ramos-Montgomery,Catering manager
gonzalesmillerandsanchez,David Mcbride,DavidMcbride@testemail.com,537-726-9380x7220,"Gonzales, Miller and Sanchez",Copy
barneswhiteheadandgray,Emily Cooper,EmilyCooper@testemail.com,+1-863-518-5964x867,"Barnes, Whitehead and Gray",Hotel manager
tuckerltd,Mallory Ross,MalloryRoss@testemail.com,001-274-371-2622x350,Tucker Ltd,Chief Strategy Officer
meyeralexanderandkim,Lucas Butler,LucasButler@testemail.com,235-233-9380x65922,"Meyer, Alexander and Kim",Restaurant manager
rodriguezplc,Tiffany Navarro,TiffanyNavarro@testemail.com,+1-890-437-9958,Rodriguez PLC,Chief of Staff
martinezinc,Heather Harrell,HeatherHarrell@testemail.com,(897)677-3853x8157,Martinez Inc,Commercial horticulturist
guerragarcia,Nancy Anderson,NancyAnderson@testemail.com,(892)295-5388x2349,Guerra-Garcia,Broadcast engineer
mackgroup,Daniel Cannon,DanielCannon@testemail.com,+1-481-638-1729x8662,Mack Group,"Pharmacist, hospital"
cooperpinedaandwhitney,Todd Lewis,ToddLewis@testemail.com,363-768-7817,"Cooper, Pineda and Whitney",Hydrologist
jonesadkinsandrobinson,Sabrina Delgado,SabrinaDelgado@testemail.com,804.267.8976x8359,"Jones, Adkins and Robinson",Futures trader
gloverrivera,Shawn Webb,ShawnWebb@testemail.com,+1-690-502-4461,Glover-Rivera,Museum education officer
watkinssandersandbarry,Jacob Barnes,JacobBarnes@testemail.com,001-317-246-2678x85388,"Watkins, Sanders and Barry",Astronomer
bassortizandfitzpatrick,Terry Harris,TerryHarris@testemail.com,558.843.9154x402,"Bass, Ortiz and Fitzpatrick","Teacher, music"
kellyinc,Gary Mullins,GaryMullins@testemail.com,989.133.8738x6524,Kelly Inc,"Education officer, environmental"
camposboyd,Janice Beck,JaniceBeck@testemail.com,295.704.8870x97750,Campos-Boyd,Race relations officer
harrischapman,Bryan Nelson,BryanNelson@testemail.com,+1-304-963-5303x087,Harris-Chapman,"Scientist, physiological"
montesbarnes,Amber Castro,AmberCastro@testemail.com,124.331.2093x393,Montes-Barnes,"Therapist, horticultural"
powellmcmahonandshaffer,John Lee,JohnLee@testemail.com,(291)192-9332x25475,"Powell, Mcmahon and Shaffer",Clinical psychologist
bassortizandfitzpatrick,Ashley Gregory,AshleyGregory@testemail.com,834.149.2423,"Bass, Ortiz and Fitzpatrick",Dancer
harrisbecker,Brian Mitchell,BrianMitchell@testemail.com,537.527.2549,Harris-Becker,"Designer, textile"
powellmcmahonandshaffer,James Cox,JamesCox@testemail.com,363-470-8214,"Powell, Mcmahon and Shaffer",Call centre manager
weissortiz,Jennifer Michael,JenniferMichael@testemail.com,653.258.3597x1403,Weiss-Ortiz,Web designer
jonesadkinsandrobinson,Samantha Weiss,SamanthaWeiss@testemail.com,332-253-2915x33882,"Jones, Adkins and Robinson",Call centre manager
bassortizandfitzpatrick,Amber Vargas,AmberVargas@testemail.com,665-837-4039,"Bass, Ortiz and Fitzpatrick","Engineer, automotive"
colemanjonesandkeith,Crystal Jones,CrystalJones@testemail.com,407-896-1359x541,"Coleman, Jones and Keith",Financial trader
leonandsons,Lauren Vasquez,LaurenVasquez@testemail.com,001-703-922-6994x99436,Leon and Sons,Television/film/video producer
raymondterryandwarner,Amanda Mcguire,AmandaMcguire@testemail.com,464-423-7789x250,"Raymond, Terry and Warner",Architect
williamsltd,Michael Smith,MichaelSmith@testemail.com,001-453-751-1546x5431,Williams Ltd,"Engineer, broadcasting (operations)"
manninginc,James Davis,JamesDavis@testemail.com,+1-750-481-5225x502,Manning Inc,Hydrographic surveyor
rodriguezplc,Connie Neal,ConnieNeal@testemail.com,623.599.6635,Rodriguez PLC,Learning mentor
cooperwest,Kathryn Jones,KathrynJones@testemail.com,(228)919-1001,Cooper-West,Counselling psychologist
rodriguezplc,Kimberly Perry,KimberlyPerry@testemail.com,+1-756-414-2033x539,Rodriguez PLC,"Runner, broadcasting/film/video"
suarezriddleandblack,Kimberly Perez,KimberlyPerez@testemail.com,(964)050-2758,"Suarez, Riddle and Black","Surveyor, planning and development"
belldeanandoneill,Samantha Jordan,SamanthaJordan@testemail.com,561.745.8359,"Bell, Dean and Oneill",Higher education lecturer
diazplc,Albert Perez,AlbertPerez@testemail.com,+1-364-273-7830x50007,Diaz PLC,"Investment banker, corporate"
moorewarrenandmorris,Christopher Alvarez,ChristopherAlvarez@testemail.com,0616374435,"Moore, Warren and Morris",Printmaker
ortizpham,Kenneth Wallace,KennethWallace@testemail.com,002.413.9387x61662,Ortiz-Pham,Metallurgist
powellmcmahonandshaffer,Chloe Jackson,ChloeJackson@testemail.com,7408661500,"Powell, Mcmahon and Shaffer",Financial risk analyst
jamesllc,James May,JamesMay@testemail.com,570-502-7558x5616,James LLC,Primary school teacher
grosskennedy,Christina Carrillo,ChristinaCarrillo@testemail.com,(589)253-7301,Gross-Kennedy,Music therapist
montesbarnes,Alexander Hernandez,AlexanderHernandez@testemail.com,026.563.6739x5064,Montes-Barnes,"Merchandiser, retail"
tatellc,Emily Nixon,EmilyNixon@testemail.com,+1-314-107-9506x035,Tate LLC,Social worker
evansandsons,Matthew Davis Jr.,MatthewDavisJr.@testemail.com,831.914.1789x4745,Evans and Sons,Land
durhaminc,Cynthia Garrett,CynthiaGarrett@testemail.com,133-179-4208x750,Durham Inc,"Surveyor, commercial/residential"
myersllc,Jared Woods,JaredWoods@testemail.com,(605)600-2973x6712,Myers LLC,Intelligence analyst
jamesllc,Sheila Gallagher,SheilaGallagher@testemail.com,001-073-123-3994x47861,James LLC,Osteopath
whiteheadbell,Jennifer Johnston,JenniferJohnston@testemail.com,608.741.1185x630,Whitehead-Bell,Financial manager
floresbailey,Anthony Simon,AnthonySimon@testemail.com,623-425-7785x47684,Flores-Bailey,Primary school teacher
shepardplc,Stephen Miller,StephenMiller@testemail.com,(024)021-0609,Shepard PLC,Social researcher
shepherddavis,Jerry Ward,JerryWard@testemail.com,001-864-646-6419x086,Shepherd-Davis,Community development worker
leonandsons,Sarah Cooper,SarahCooper@testemail.com,739.900.1666,Leon and Sons,Publishing rights manager
gaystevenson,Jacob Walter,JacobWalter@testemail.com,(757)651-7054x245,Gay-Stevenson,Chief Financial Officer
masseyltd,David Robinson,DavidRobinson@testemail.com,746-939-5903x62327,Massey Ltd,Public librarian
shepardplc,Melissa Young,MelissaYoung@testemail.com,+1-463-958-8521,Shepard PLC,Civil Service fast streamer
burnsandsons,James Brooks,JamesBrooks@testemail.com,001-641-382-7293x8110,Burns and Sons,Contractor
morenoltd,Connie Moore MD,ConnieMooreMD@testemail.com,877.531.6706,Moreno Ltd,"Merchandiser, retail"
jonesplc,Daniel Shepherd,DanielShepherd@testemail.com,131-989-1659x0507,Jones PLC,Animal technologist
leonandsons,Nicole Barber,NicoleBarber@testemail.com,7768356004,Leon and Sons,Electrical engineer
rodriguezplc,Mallory Palmer,MalloryPalmer@testemail.com,(234)542-1680x0019,Rodriguez PLC,Hospital pharmacist
harrischapman,Jessica White,JessicaWhite@testemail.com,530-874-9178,Harris-Chapman,Retail merchandiser
cooperwest,Heather Mcdowell,HeatherMcdowell@testemail.com,(462)369-0145x9747,Cooper-West,Music tutor
jamesllc,Martin Owens,MartinOwens@testemail.com,001-585-175-7338x2356,James LLC,Contracting civil engineer
olsonsanders,Jennifer Melton,JenniferMelton@testemail.com,963.172.9501x59284,Olson-Sanders,Petroleum engineer
myersllc,Andrew Bradley,AndrewBradley@testemail.com,893-133-9379x58533,Myers LLC,Veterinary surgeon
floresbailey,Wesley Wells,WesleyWells@testemail.com,397.440.5264,Flores-Bailey,"Librarian, academic"
grosskennedy,David Perry,DavidPerry@testemail.com,(361)236-3017x00364,Gross-Kennedy,"Engineer, chemical"
younggarcia,Jacob Grant,JacobGrant@testemail.com,(000)184-5402,Young-Garcia,"Psychologist, clinical"
russomoranandhoffman,William Reynolds,WilliamReynolds@testemail.com,(345)080-7660x704,"Russo, Moran and Hoffman","Psychologist, clinical"
weissortiz,Michael Williams,MichaelWilliams@testemail.com,001-341-103-4656x3600,Weiss-Ortiz,"Accountant, chartered"
powellmcmahonandshaffer,Dr. Paul Torres,Dr.PaulTorres@testemail.com,371-323-7493,"Powell, Mcmahon and Shaffer","Lecturer, further education"
brownhawkins,Jennifer Hanna,JenniferHanna@testemail.com,(444)028-7658x240,Brown-Hawkins,"Sound technician, broadcasting/film/video"
younggarcia,Garrett Mayo,GarrettMayo@testemail.com,001-573-797-7928x721,Young-Garcia,Corporate investment banker
whiteheadbell,Daniel Contreras,DanielContreras@testemail.com,523-971-6431,Whitehead-Bell,Technical sales engineer
pearsonltd,Sharon Johnson,SharonJohnson@testemail.com,651-789-8844x92847,Pearson Ltd,"Education officer, environmental"
gloverrivera,Virginia Wright,VirginiaWright@testemail.com,(158)780-6410x5246,Glover-Rivera,"Nurse, mental health"
cervantesinc,Tyler Boyd,TylerBoyd@testemail.com,9275583336,Cervantes Inc,"Teacher, early years/pre"
ramirezplc,Jonathan Wilson,JonathanWilson@testemail.com,5454577614,Ramirez PLC,Environmental health practitioner
jonesadkinsandrobinson,Anthony Shaffer,AnthonyShaffer@testemail.com,+1-261-239-3306x151,"Jones, Adkins and Robinson",Occupational hygienist
martinezltd,Jacob Howard,JacobHoward@testemail.com,+1-433-659-1813x80362,Martinez Ltd,Risk manager
montesbarnes,Isaac Bowman,IsaacBowman@testemail.com,+1-532-506-1188x559,Montes-Barnes,"Surveyor, building control"
jonesltd,Sarah Downs,SarahDowns@testemail.com,985-336-2055,Jones Ltd,"Embryologist, clinical"
powellmcmahonandshaffer,Gloria Faulkner,GloriaFaulkner@testemail.com,745.512.6438x05863,"Powell, Mcmahon and Shaffer",Fitness centre manager
brownwoodwardandsexton,Amber Willis,AmberWillis@testemail.com,601.135.9333x1714,"Brown, Woodward and Sexton",Intelligence analyst
jonesquinnandgonzalez,Christina Gonzalez,ChristinaGonzalez@testemail.com,(926)287-9245,"Jones, Quinn and Gonzalez","Engineer, electronics"
montesbarnes,Sarah Downs,SarahDowns@testemail.com,985-336-2055,Montes-Barnes,"Embryologist, clinical"
gonzalesmillerandsanchez,Mr. Christopher Brown,Mr.ChristopherBrown@testemail.com,001-251-072-0588x46642,"Gonzales, Miller and Sanchez",Air cabin crew
martinllc,Ryan Jenkins,RyanJenkins@testemail.com,435.020.6591x45818,Martin LLC,Chartered public finance accountant
tuckerltd,Dean Robinson,DeanRobinson@testemail.com,(498)874-6103x12028,Tucker Ltd,"Teacher, primary school"
alleninc,William Carlson,WilliamCarlson@testemail.com,(156)436-8304,Allen Inc,Geoscientist
barnettpeters,Felicia Adams,FeliciaAdams@testemail.com,001-464-130-0762x556,Barnett-Peters,Illustrator
watkinssandersandbarry,Billy Mendez,BillyMendez@testemail.com,1400895317,"Watkins, Sanders and Barry",Secondary school teacher
millerhowardandburton,Blake Buck,BlakeBuck@testemail.com,865.542.5338,"Miller, Howard and Burton",Metallurgist
durhaminc,Alexis Shelton,AlexisShelton@testemail.com,+1-234-195-4011x44279,Durham Inc,Furniture designer
shepardplc,John Pratt,JohnPratt@testemail.com,+1-920-830-2776x561,Shepard PLC,Civil Service fast streamer
harrisbecker,Edward Hardy,EdwardHardy@testemail.com,574.628.2945,Harris-Becker,Secondary school teacher
camposboyd,Hunter Hardin,HunterHardin@testemail.com,(447)769-3686x75452,Campos-Boyd,"Teacher, secondary school"
barnettpeters,Travis Klein,TravisKlein@testemail.com,723-871-0381x5389,Barnett-Peters,Cabin crew
ramosmontgomery,Robert Haas,RobertHaas@testemail.com,+1-144-941-2120,Ramos-Montgomery,Tax inspector
suarezriddleandblack,Lisa Campbell,LisaCampbell@testemail.com,6777344302,"Suarez, Riddle and Black",Health physicist
diazplc,Patrick Allen,PatrickAllen@testemail.com,001-420-775-7575,Diaz PLC,IT consultant
shepardplc,Donna Williams,DonnaWilliams@testemail.com,+1-655-556-5557,Shepard PLC,Psychiatrist
caseystephenson,Tonya Rivas,TonyaRivas@testemail.com,001-666-746-9596,Casey-Stephenson,Aeronautical engineer
grosskennedy,Aaron Perkins,AaronPerkins@testemail.com,+1-883-531-4608,Gross-Kennedy,Chiropractor
durhaminc,Melissa Young,MelissaYoung@testemail.com,+1-463-958-8521,Durham Inc,Civil Service fast streamer
ballardinc,Margaret Phillips,MargaretPhillips@testemail.com,6025488150,Ballard Inc,Television camera operator
jonesadkinsandrobinson,Taylor Rogers,TaylorRogers@testemail.com,361.872.4205,"Jones, Adkins and Robinson",Therapeutic radiographer
thomasloveandharris,Madison Austin,MadisonAustin@testemail.com,+1-875-886-8972,"Thomas, Love and Harris","Surveyor, building control"
cooperpinedaandwhitney,Luis Bailey,LuisBailey@testemail.com,(340)592-8611x32556,"Cooper, Pineda and Whitney",Petroleum engineer
garcialeeandwilliams,Dean Richard,DeanRichard@testemail.com,+1-608-139-7400x8208,"Garcia, Lee and Williams",Sports development officer
masseyltd,Jeffery Jones,JefferyJones@testemail.com,+1-229-518-7262x564,Massey Ltd,Film/video editor
russomoranandhoffman,Ashley Johnson,AshleyJohnson@testemail.com,273.080.2892x213,"Russo, Moran and Hoffman","Producer, radio"
perkinswatkins,Lori Sullivan,LoriSullivan@testemail.com,491-370-5689x385,Perkins-Watkins,Colour technologist
raymondterryandwarner,Robert Hogan,RobertHogan@testemail.com,+1-929-849-1520x64058,"Raymond, Terry and Warner","Designer, jewellery"
